{
  "operator": "burgers",
  "grid": 256,
  "model_seed": 1000,
  "epochs": 200,
  "eval_every": 5,
  "configs": [
    {
      "modes": 4,
      "width": 16,
      "params": 11633,
      "epochs": [
        5,
        10,
        15,
        20,
        25,
        30,
        35,
        40,
        45,
        50,
        55,
        60,
        65,
        70,
        75,
        80,
        85,
        90,
        95,
        100,
        105,
        110,
        115,
        120,
        125,
        130,
        135,
        140,
        145,
        150,
        155,
        160,
        165,
        170,
        175,
        180,
        185,
        190,
        195,
        200
      ],
      "test_loss": [
        0.023180958814918995,
        0.0011552541400305927,
        0.0002686155930859968,
        4.289425487513654e-05,
        3.8925283661228605e-05,
        3.675351035781205e-05,
        3.512844159558881e-05,
        3.372922401467804e-05,
        3.224514875910245e-05,
        3.0996929126558825e-05,
        2.9145705411792733e-05,
        2.7861421585839707e-05,
        2.6194216843578033e-05,
        2.4515616132703144e-05,
        2.2874535716255195e-05,
        2.0903667973470874e-05,
        1.9057375538977794e-05,
        1.7601762010599487e-05,
        1.5162169347604504e-05,
        1.3392882920015836e-05,
        1.1137567980767926e-05,
        9.316970590589335e-06,
        7.2251057190442225e-06,
        5.607340426649898e-06,
        4.08330424761516e-06,
        2.874604547287163e-06,
        2.0522592194538447e-06,
        1.4624087611991854e-06,
        1.2078351687705435e-06,
        1.0242160328743921e-06,
        9.174795252420154e-07,
        9.63094407779863e-07,
        8.590550351073034e-07,
        8.498587362737453e-07,
        8.342043145148637e-07,
        8.724883571176179e-07,
        1.1671979791572085e-06,
        8.203691095332033e-07,
        8.330104037668207e-07,
        8.385108856145962e-07
      ]
    },
    {
      "modes": 8,
      "width": 24,
      "params": 42665,
      "epochs": [
        5,
        10,
        15,
        20,
        25,
        30,
        35,
        40,
        45,
        50,
        55,
        60,
        65,
        70,
        75,
        80,
        85,
        90,
        95,
        100,
        105,
        110,
        115,
        120,
        125,
        130,
        135,
        140,
        145,
        150,
        155,
        160,
        165,
        170,
        175,
        180,
        185,
        190,
        195,
        200
      ],
      "test_loss": [
        0.0027987152570858598,
        0.0009302805701736361,
        0.000272885721642524,
        4.442355202627368e-05,
        3.9833656046539545e-05,
        3.8077203498687595e-05,
        3.7164758396102116e-05,
        3.6254257793189026e-05,
        3.510702299536206e-05,
        3.406823452678509e-05,
        3.290359200036619e-05,
        3.2352150810766034e-05,
        3.0253000659286045e-05,
        2.8609438231796958e-05,
        2.742203105299268e-05,
        2.5150929104711395e-05,
        2.31737658396014e-05,
        2.940867761935806e-05,
        1.8268526218889747e-05,
        1.5053392417030409e-05,
        1.132463194153388e-05,
        6.995341209403705e-06,
        3.666966108539782e-06,
        2.0529510038613807e-06,
        1.6167969079106115e-06,
        9.336782511581987e-07,
        8.181420412256557e-07,
        5.035516778661986e-06,
        1.5532652923866408e-06,
        2.609097009553807e-06,
        1.4921116644472932e-06,
        3.948168114220607e-06,
        8.246381639764877e-07,
        6.422947080864105e-06,
        2.202928612859978e-06,
        9.18452457199237e-07,
        1.8136109929400845e-06,
        8.598091767453298e-07,
        7.710404759109224e-07,
        7.88872000612173e-07
      ]
    },
    {
      "modes": 8,
      "width": 48,
      "params": 163409,
      "epochs": [
        5,
        10,
        15,
        20,
        25,
        30,
        35,
        40,
        45,
        50,
        55,
        60,
        65,
        70,
        75,
        80,
        85,
        90,
        95,
        100,
        105,
        110,
        115,
        120,
        125,
        130,
        135,
        140,
        145,
        150,
        155,
        160,
        165,
        170,
        175,
        180,
        185,
        190,
        195,
        200
      ],
      "test_loss": [
        0.0011364470119588077,
        9.650974971009418e-05,
        3.549510438460857e-05,
        3.211066541553009e-05,
        3.0145894015731756e-05,
        2.7179508833796717e-05,
        2.421393037366215e-05,
        2.1407216081570368e-05,
        1.7764869880920742e-05,
        1.4085040675126947e-05,
        1.0570068297965918e-05,
        7.0193443661992205e-06,
        4.060371793457307e-06,
        2.2180843188834842e-06,
        1.2021336601719668e-06,
        8.16176395801449e-07,
        7.276660198840545e-07,
        6.853983620658255e-07,
        6.743592280145094e-07,
        6.765419300336362e-07,
        7.124480418951862e-07,
        7.54877532926912e-07,
        7.460325548436231e-07,
        1.0383988069406769e-06,
        7.324549358145305e-07,
        6.317044949355477e-07,
        6.251094646358979e-07,
        7.026221737760352e-07,
        1.6584976378908323e-06,
        1.7219097117049387e-06,
        8.28971991495564e-07,
        7.082442721184634e-07,
        3.379581539775245e-05,
        1.8136466906071291e-06,
        1.1366290664227563e-06,
        7.023755017598887e-07,
        7.842871809771168e-07,
        3.6430001273402013e-06,
        7.460882045506878e-07,
        7.649263977782539e-07
      ]
    },
    {
      "modes": 12,
      "width": 48,
      "params": 237137,
      "epochs": [
        5,
        10,
        15,
        20,
        25,
        30,
        35,
        40,
        45,
        50,
        55,
        60,
        65,
        70,
        75,
        80,
        85,
        90,
        95,
        100,
        105,
        110,
        115,
        120,
        125,
        130,
        135,
        140,
        145,
        150,
        155,
        160,
        165,
        170,
        175,
        180,
        185,
        190,
        195,
        200
      ],
      "test_loss": [
        0.0009193682344630361,
        4.811311919183936e-05,
        3.541161640896462e-05,
        3.1863139156484976e-05,
        2.8965990168217104e-05,
        2.5573888706276193e-05,
        2.2518532205140218e-05,
        1.8052238374366425e-05,
        1.4211790585250128e-05,
        9.916529506881488e-06,
        6.489606221293798e-06,
        3.3102165843956755e-06,
        1.630365204619011e-06,
        1.046676629812282e-06,
        8.139608382862207e-07,
        7.64686433285533e-07,
        8.206893085116462e-07,
        7.277443501152447e-07,
        7.710978024988435e-07,
        8.378987672585936e-07,
        8.897283976239123e-07,
        8.932163666486304e-07,
        9.200006445553299e-07,
        1.110788446112565e-06,
        3.1069581609699526e-06,
        3.337985504003882e-06,
        1.2900584351882571e-06,
        5.316914666764205e-06,
        5.1438821628835285e-06,
        1.0657323628038284e-06,
        1.713438507522369e-06,
        2.325818627468834e-06,
        2.031496933341259e-06,
        8.389405934394745e-07,
        1.1819907967947074e-06,
        2.3354824634225224e-06,
        7.662851203349419e-06,
        1.1712061223079218e-06,
        2.630445123941172e-06,
        1.02667212331653e-06
      ]
    },
    {
      "modes": 16,
      "width": 64,
      "params": 549569,