{
  "L": 1.0,
  "idx": 0,
  "x": [
    0.0,
    0.015625,
    0.03125,
    0.046875,
    0.0625,
    0.078125,
    0.09375,
    0.109375,
    0.125,
    0.140625,
    0.15625,
    0.171875,
    0.1875,
    0.203125,
    0.21875,
    0.234375,
    0.25,
    0.265625,
    0.28125,
    0.296875,
    0.3125,
    0.328125,
    0.34375,
    0.359375,
    0.375,
    0.390625,
    0.40625,
    0.421875,
    0.4375,
    0.453125,
    0.46875,
    0.484375,
    0.5,
    0.515625,
    0.53125,
    0.546875,
    0.5625,
    0.578125,
    0.59375,
    0.609375,
    0.625,
    0.640625,
    0.65625,
    0.671875,
    0.6875,
    0.703125,
    0.71875,
    0.734375,
    0.75,
    0.765625,
    0.78125,
    0.796875,
    0.8125,
    0.828125,
    0.84375,
    0.859375,
    0.875,
    0.890625,
    0.90625,
    0.921875,
    0.9375,
    0.953125,
    0.96875,
    0.984375
  ],
  "u0": [
    -0.06233721971511841,
    -0.05971571058034897,
    -0.056519102305173874,
    -0.05277818441390991,
    -0.04852898418903351,
    -0.04381242394447327,
    -0.03867392987012863,
    -0.033162977546453476,
    -0.027332652360200882,
    -0.02123909816145897,
    -0.014940999448299408,
    -0.00849901046603918,
    -0.0019751712679862976,
    0.004567689727991819,
    0.011066561564803123,
    0.017458856105804443,
    0.023683011531829834,
    0.029679087921977043,
    0.035389337688684464,
    0.04075876995921135,
    0.0457356721162796,
    0.05027211457490921,
    0.05432441085577011,
    0.05785353109240532,
    0.06082548946142197,
    0.06321166455745697,
    0.06498908251523972,
    0.06614061444997787,
    0.06665518134832382,
    0.06652781367301941,
    0.06575975567102432,
    0.06435839086771011,
    0.06233721971511841,
    0.05971571058034897,
    0.056519102305173874,
    0.05277818441390991,
    0.04852898418903351,
    0.04381242394447327,
    0.03867392987012863,
    0.033162977546453476,
    0.027332652360200882,
    0.02123909816145897,
    0.014940999448299408,
    0.00849901046603918,
    0.0019751712679862976,
    -0.004567689727991819,
    -0.011066561564803123,
    -0.017458856105804443,
    -0.023683011531829834,
    -0.029679087921977043,
    -0.035389337688684464,
    -0.04075876995921135,
    -0.0457356721162796,
    -0.05027211457490921,
    -0.05432441085577011,
    -0.05785353109240532,
    -0.06082548946142197,
    -0.06321166455745697,
    -0.06498908251523972,
    -0.06614061444997787,
    -0.06665518134832382,
    -0.06652781367301941,
    -0.06575975567102432,
    -0.06435839086771011
  ],
  "uT_true": [
    -0.038550954312086105,
    -0.03636806830763817,
    -0.0339331328868866,
    -0.03127278760075569,
    -0.028412634506821632,
    -0.025377245619893074,
    -0.022190207615494728,
    -0.018874187022447586,
    -0.015451032668352127,
    -0.01194189116358757,
    -0.00836732517927885,
    -0.004747444298118353,
    -0.0011020447127521038,
    0.0025492592249065638,
    0.0061868941411376,
    0.00979119073599577,
    0.013342243619263172,
    0.016819780692458153,
    0.02020302228629589,
    0.02347055822610855,
    0.026600226759910583,
    0.029569009318947792,
    0.032352935522794724,
    0.03492702916264534,
    0.03726526349782944,
    0.03934062272310257,
    0.04112515226006508,
    0.042590171098709106,
    0.04370654746890068,
    0.044445134699344635,
    0.04477734491229057,
    0.044675953686237335,
    0.04411604627966881,
    0.043076224625110626,
    0.04153997823596001,
    0.03949723020195961,
    0.03694593906402588,
    0.03389371931552887,
    0.03035927005112171,
    0.026373470202088356,
    0.02197999693453312,
    0.017235243692994118,
    0.012207468040287495,
    0.006975098978728056,
    0.0016242611454799771,
    -0.0037543291691690683,
    -0.009068867191672325,
    -0.014230052940547466,
    -0.019154472276568413,
    -0.02376747690141201,
    -0.02800535410642624,
    -0.03181669861078262,
    -0.03516294062137604,
    -0.038018129765987396,
    -0.04036811739206314,
    -0.042209308594465256,
    -0.043547119945287704,
    -0.04439437389373779,
    -0.04476969316601753,
    -0.04469602555036545,
    -0.04419932886958122,
    -0.043307483196258545,
    -0.04204937070608139,
    -0.0404541939496994
  ],
  "uT_pred": [
    -0.03884012997150421,
    -0.03662453219294548,
    -0.03416695073246956,
    -0.0314711257815361,
    -0.02857426181435585,
    -0.025500964373350143,
    -0.02227112092077732,
    -0.018913667649030685,
    -0.015448864549398422,
    -0.011896636337041855,
    -0.008281935006380081,
    -0.004619825631380081,
    -0.0009327828884124756,
    0.0027594678103923798,
    0.00644085556268692,
    0.010087531059980392,
    0.013683106750249863,
    0.01720593497157097,
    0.020633514970541,
    0.02394722029566765,
    0.027120497077703476,
    0.030131053179502487,
    0.032955776900053024,
    0.03556517884135246,
    0.037936609238386154,
    0.04004107043147087,
    0.04184960946440697,
    0.04333672299981117,
    0.044470611959695816,
    0.04522361978888512,
    0.04556738957762718,
    0.04547272250056267,
    0.04491573944687843,
    0.043873753398656845,
    0.04232985898852348,
    0.04027320072054863,
    0.03770090267062187,
    0.03462113067507744,
    0.031050745397806168,
    0.02702222391963005,
    0.022579465061426163,
    0.017777975648641586,
    0.012689288705587387,
    0.0073907338082790375,
    0.0019701234996318817,
    -0.00347914919257164,
    -0.008866902440786362,
    -0.014099687337875366,
    -0.019094090908765793,
    -0.023775534704327583,
    -0.028075048699975014,
    -0.031943775713443756,
    -0.03534026816487312,
    -0.038237057626247406,
    -0.04062363877892494,
    -0.04249148443341255,
    -0.04385141283273697,
    -0.044714074581861496,
    -0.04509766772389412,
    -0.04503120109438896,
    -0.04453255236148834,
    -0.04363417625427246,
    -0.04237052798271179,
    -0.04075147211551666
  ],
  "grad_true": [
    0.13105515856570993,
    0.14805974976884725,
    0.16332772596997613,
    0.17692340783031796,
    0.18891413458511064,
    0.19936411489572023,
    0.208335091010032,
    0.21588261289692703,
    0.22205570720401702,
    0.22689520572972902,
    0.23043489827620856,
    0.23269882154910432,
    0.23370327002069713,
    0.23345498330632075,
    0.23195264656548462,
    0.22918511189215107,
    0.22513359590509097,
    0.21976960758415134,
    0.21305709449769814,
    0.20495119906645617,
    0.1954009821635723,
    0.18434750714083836,
    0.17172875955742906,
    0.15747744665585148,
    0.14152843615903687,
    0.12381904203919344,
    0.1042945977857521,
    0.0829165433223032,
    0.0596682010473342,
    0.03456508681171398,
    0.007666503480866428,
    -0.02091170025000029,
    -0.05098610277576192,
    -0.08228889359111755,
    -0.1144598041920669,
    -0.14703551338070858,
    -0.17945005977482154,
    -0.2110358011727991,
    -0.24104503600300892,
    -0.26867136447192097,
    -0.2930907966233134,
    -0.31350771846987163,
    -0.32920832462919447,
    -0.339612908350818,
    -0.3443229055644662,
    -0.3431535260559937,
    -0.33615115654619987,
    -0.32358775864359524,
    -0.3059393511832662,
    -0.2838441539375675,
    -0.25805527228092645,
    -0.22938565267070696,
    -0.19865743709065672,
    -0.16665718069456537,
    -0.13410460434445365,
    -0.10162733326714982,
    -0.06975105765982424,
    -0.03889763696621119,
    -0.009389452226498299,
    0.018540909157988957,
    0.04473785051451284,
    0.06910963116662867,
    0.0916167075859298,
    0.11225616110878271
  ],