{
  "operator": "adv_diff_2d",
  "grid": 64,
  "d": 2,
  "s": 1.0,
  "benchmark_exponent": 0.5,
  "ceiling": 33,
  "epochs": 4,
  "seeds": 1,
  "configs": [
    {
      "modes": 4,
      "width": 16,
      "params": 36225,
      "best_list": [
        0.0035478773061186075
      ],
      "final_list": [
        0.0035478773061186075
      ],
      "rel_list": [
        6.967137646167319
      ],
      "n_spiked": 0
    },
    {
      "modes": 8,
      "width": 24,
      "params": 300737,
      "best_list": [
        0.00015275402984116226
      ],
      "final_list": [
        0.00015275402984116226
      ],
      "rel_list": [
        1.4456760094418994
      ],
      "n_spiked": 0
    }
  ],
  "fit": {
    "alpha": 1.4860834563976235,
    "ci95": [
      1.4860834563976235,
      1.4860834563976235
    ],
    "r2": 1.0,
    "C": 21136.620243766476
  },
  "total_n_spiked": 0,
  "params_used": {
    "operator": "adv_diff_2d",
    "grid": 64,
    "seeds": 1,
    "epochs": 4,
    "n_train": 32,
    "n_test": 16,
    "lr": 0.001,
    "batch": 32,
    "nu": 0.01,
    "grad_clip": null,
    "lr_schedule": "none",
    "ic_smoothness": 1,
    "benchmark_exponent": 0.5,
    "quick": true,
    "no_plot": false,
    "plot": true
  }
}