{
  "operator": "burgers",
  "grid": 256,
  "ceiling": 129,
  "epochs": 200,
  "seeds": 5,
  "configs": [
    {
      "modes": 4,
      "width": 16,
      "params": 11633,
      "best_list": [
        8.203691095332033e-07,
        7.699594846144464e-07,
        8.483276019433106e-07,
        5.560171700835781e-07,
        7.651149189769058e-07
      ],
      "final_list": [
        8.385108856145962e-07,
        1.6405404608121898e-06,
        8.483276019433106e-07,
        5.560171700835781e-07,
        3.5218989751228946e-06
      ],
      "rel_list": [
        0.005160731125648452,
        0.008449395190343104,
        0.004779044574862665,
        0.0038636869169676466,
        0.01307614225116225
      ],
      "n_spiked": 0
    },
    {
      "modes": 8,
      "width": 24,
      "params": 42665,
      "best_list": [
        7.710404759109224e-07,
        5.985804989450116e-07,
        8.02129505927951e-07,
        6.200309599080356e-07,
        4.881903805653565e-07
      ],
      "final_list": [
        7.88872000612173e-07,
        9.689157991488173e-07,
        1.4320623336061544e-06,
        6.441618438657315e-07,
        8.225301826314535e-07
      ],
      "rel_list": [
        0.004534367266184866,
        0.005499759124896637,
        0.007318754067536181,
        0.0042083230054387735,
        0.005322725950803165
      ],
      "n_spiked": 0
    },
    {
      "modes": 8,
      "width": 48,
      "params": 163409,
      "best_list": [
        6.251094646358979e-07,
        5.386794441619713e-07,
        6.355887194331444e-07,
        5.317981504049385e-07,
        5.077849323242845e-07
      ],
      "final_list": [
        7.649263977782539e-07,
        5.386794441619713e-07,
        1.348230341591261e-06,
        9.189959371269651e-07,
        1.2144494121457683e-06
      ],
      "rel_list": [
        0.00484121078118206,
        0.0036215581421552194,
        0.006374572504443348,
        0.0055842319110932,
        0.007073266428110177
      ],
      "n_spiked": 1
    },
    {
      "modes": 12,
      "width": 48,
      "params": 237137,
      "best_list": [
        7.277443501152447e-07,
        4.951248513407336e-07,
        5.961902047602052e-07,
        4.778547406658618e-07,
        3.46172768672659e-07
      ],
      "final_list": [
        1.02667212331653e-06,
        5.208483173646528e-07,
        1.0457058579049772e-06,
        2.1258092033349385e-06,
        3.46172768672659e-07
      ],
      "rel_list": [
        0.005151096862892097,
        0.003564540186130869,
        0.005121076866927066,
        0.007228590005496904,
        0.0029254449208528785
      ],
      "n_spiked": 2
    },
    {
      "modes": 16,
      "width": 64,
      "params": 549569,
      "best_list": [
        6.301391408669588e-07,
        5.096906647850119e-07,
        4.4580086466794455e-07,
        6.253832793845504e-07,
        5.606873401120538e-07
      ],
      "final_list": [
        5.5756654546712525e-06,
        1.1499068364173581e-06,
        6.644733616667509e-07,
        7.502428331918054e-07,
        5.646562044603343e-07
      ],
      "rel_list": [
        0.011944305160585008,
        0.0060233945597650135,
        0.004142418954352378,
        0.004267472542500614,
        0.0037923098698399885
      ],
      "n_spiked": 1
    },
    {
      "modes": 20,
      "width": 80,
      "params": 1060657,
      "best_list": [
        5.155283417934697e-07,
        5.281383437250042e-07,
        5.186784619581886e-07,
        1.0352157531201556e-07,
        4.2990343729343294e-07
      ],
      "final_list": [
        5.155283417934697e-07,
        8.560441983718192e-06,
        4.860318767896388e-05,
        1.0352157531201556e-07,
        4.84831517155726e-07
      ],
      "rel_list": [
        0.003585422381601316,
        0.02049565891002547,
        0.04270207033406283,
        0.0015876575765131878,
        0.003583849332475702
      ],
      "n_spiked": 2
    },
    {
      "modes": 24,
      "width": 96,
      "params": 1819553,
      "best_list": [
        2.4652005237157937e-07,
        3.272014197364115e-07,
        5.240275129381189e-07,
        3.147582106066693e-07,
        3.8959797166171484e-07
      ],
      "final_list": [
        4.4345208038976125e-07,
        3.272014197364115e-07,
        3.608667157095624e-06,
        3.4142890115163027e-07,
        4.4699140744342e-06
      ],
      "rel_list": [
        0.003332847582180075,
        0.002831672221078846,
        0.010598148328555785,
        0.0029663867845618457,
        0.012237161253739408
      ],
      "n_spiked": 4
    },
    {
      "modes": 32,
      "width": 128,
      "params": 4277377,
      "best_list": [
        2.835314205640316e-07,
        1.6645368816625705e-07,
        2.915842145512215e-07,
        2.4194196868165818e-08,
        1.8152316272335156e-07
      ],
      "final_list": [
        5.4009697123547085e-05,
        1.6645368816625705e-07,
        2.915842145512215e-07,
        2.4194196868165818e-08,
        1.8152316272335156e-07
      ],
      "rel_list": [
        0.03622873669369711,
        0.0020123831486850226,
        0.0026593030183069237,
        0.000874934229565717,
        0.002103488101963651
      ],
      "n_spiked": 4
    }
  ],
  "fit": {
    "alpha": 0.19433284161863582,
    "ci95": [
      0.10303896798413899,
      0.4463769891355725
    ],
    "r2": 0.7752244007899904,
    "C": 5.47966524809569e-06
  },
  "params_used": {
    "operator": "burgers",
    "grid": 256,
    "seeds": 5,
    "epochs": 200,
    "n_train": 256,
    "n_test": 64,
    "lr": 0.001,
    "batch": 32,
    "nu": 0.01,
    "grad_clip": null,
    "quick": false
  }
}