{
  "operator": "linear",
  "grid": 64,
  "d": 1,
  "s": 1.0,
  "benchmark_exponent": 1.0,
  "ceiling": 33,
  "epochs": 4,
  "seeds": 1,
  "configs": [
    {
      "modes": 4,
      "width": 16,
      "params": 11633,
      "best_list": [
        0.006999955978244543
      ],
      "final_list": [
        0.006999955978244543
      ],
      "rel_list": [
        2.062051879103967
      ],
      "n_spiked": 0
    },
    {
      "modes": 8,
      "width": 24,
      "params": 42665,
      "best_list": [
        0.0018454929813742638
      ],
      "final_list": [
        0.0018454929813742638
      ],
      "rel_list": [
        1.061863228644217
      ],
      "n_spiked": 0
    }
  ],
  "fit": {
    "alpha": 1.0258742132984928,
    "ci95": [
      1.0258742132984928,
      1.0258742132984928
    ],
    "r2": 1.0,
    "C": 103.74892653718285
  },
  "total_n_spiked": 0,
  "params_used": {
    "operator": "linear",
    "grid": 64,
    "seeds": 1,
    "epochs": 4,
    "n_train": 32,
    "n_test": 16,
    "lr": 0.001,
    "batch": 32,
    "nu": 0.01,
    "grad_clip": null,
    "lr_schedule": "none",
    "ic_smoothness": 1,
    "benchmark_exponent": 1.0,
    "quick": true,
    "no_plot": false,
    "plot": true
  }
}