{
  "operator": "burgers",
  "grid": 64,
  "ceiling": 33,
  "epochs": 200,
  "seeds": 5,
  "configs": [
    {
      "modes": 4,
      "width": 16,
      "params": 11633,
      "best_list": [
        6.40006561525297e-07,
        6.854879757156596e-07,
        7.697443322740583e-07,
        4.5274222770785855e-07,
        6.178871387874096e-07
      ],
      "final_list": [
        6.40006561525297e-07,
        6.854879757156596e-07,
        7.897975820014835e-07,
        5.071438522463723e-07,
        6.178871387874096e-07
      ],
      "rel_list": [
        0.0041728116577692195,
        0.00420052539075402,
        0.004653836178070238,
        0.0037155742766606164,
        0.0041065145431492655
      ],
      "n_spiked": 0
    },
    {
      "modes": 8,
      "width": 24,
      "params": 42665,
      "best_list": [
        7.111318325314642e-07,
        5.976589250167308e-07,
        6.216838244199607e-07,
        4.6453280333480507e-07,
        4.182903552418793e-07
      ],
      "final_list": [
        7.27139024547796e-07,
        6.20793628058891e-07,
        6.216838244199607e-07,
        4.6453280333480507e-07,
        4.182903552418793e-07
      ],
      "rel_list": [
        0.004322404850577036,
        0.003976909390542698,
        0.0040797303005447,
        0.003458807330182658,
        0.0032812249071801957
      ],
      "n_spiked": 0
    },
    {
      "modes": 8,
      "width": 48,
      "params": 163409,
      "best_list": [
        5.029443741477735e-07,
        5.919314673974441e-07,
        4.773910120547953e-07,
        5.613070754861837e-07,
        5.178896458346571e-07
      ],
      "final_list": [
        5.218940941631445e-07,
        1.1545050710992655e-06,
        2.3166544451669324e-06,
        5.613070754861837e-07,
        1.069171503331745e-06
      ],
      "rel_list": [
        0.0038228314490850977,
        0.0056645953725060925,
        0.008482184340397943,
        0.0038516110506876876,
        0.00558505372198648
      ],
      "n_spiked": 1
    },
    {
      "modes": 12,
      "width": 48,
      "params": 237137,
      "best_list": [
        6.544941584252228e-07,
        5.783564915873285e-07,
        4.2524224852513726e-07,
        5.820637056785927e-07,
        4.78249120305918e-07
      ],
      "final_list": [
        1.4923417666068417e-06,
        3.5043124171352247e-06,
        4.485290219236049e-07,
        5.820637056785927e-07,
        4.78249120305918e-07
      ],
      "rel_list": [
        0.006469346990310243,
        0.009840796789051774,
        0.0033945195154142073,
        0.003922199925651431,
        0.0035253130983577035
      ],
      "n_spiked": 1
    },
    {
      "modes": 16,
      "width": 64,
      "params": 549569,
      "best_list": [
        5.696049925063562e-07,
        4.591079090232597e-07,
        3.998204505251124e-07,
        5.959436748526059e-07,
        4.447721408951111e-07
      ],
      "final_list": [
        5.757648580129171e-07,
        4.66605271753906e-07,
        3.998204505251124e-07,
        2.9261485678944155e-06,
        4.447721408951111e-07
      ],
      "rel_list": [
        0.0038371450245385354,
        0.0034587432701159012,
        0.0031995510865581835,
        0.009118572604689613,
        0.0033840116640911776
      ],
      "n_spiked": 2
    },
    {
      "modes": 20,
      "width": 80,
      "params": 1060657,
      "best_list": [
        5.667109519436053e-07,
        5.279282504488947e-07,
        4.2467443961413665e-07,
        3.942030417647402e-07,
        5.280557786591089e-07
      ],
      "final_list": [
        5.830936800066411e-07,
        6.992969758812251e-07,
        1.3290465403770213e-06,
        3.942030417647402e-07,
        5.283708333081449e-07
      ],
      "rel_list": [
        0.0039133236522721805,
        0.004216049094740661,
        0.005766061388302495,
        0.0031910009519257408,
        0.003688578984297001
      ],
      "n_spiked": 4
    },
    {
      "modes": 24,
      "width": 96,
      "params": 1819553,
      "best_list": [
        3.490194302457894e-07,
        4.687025239036302e-07,
        6.010817514834343e-07,
        9.243846932349697e-08,
        2.655808089002676e-07
      ],
      "final_list": [
        4.2014775658572034e-07,
        4.687025239036302e-07,
        6.010817514834343e-07,
        9.243846932349697e-08,
        2.655808089002676e-07
      ],
      "rel_list": [
        0.003337466514710858,
        0.003499286217339486,
        0.004161745825219368,
        0.002024898482273802,
        0.003844747836196063
      ],
      "n_spiked": 4
    },
    {
      "modes": 32,
      "width": 128,
      "params": 4277377,
      "best_list": [
        2.7165788729632823e-08,
        1.5635088601584357e-07,
        2.2313562908493623e-07,
        2.444586044703101e-07,
        2.630169575468244e-07
      ],
      "final_list": [
        2.7165788729632823e-08,
        1.5635088601584357e-07,
        2.2313562908493623e-07,
        2.444586044703101e-07,
        5.1467718549247365e-06
      ],
      "rel_list": [
        0.0009155203132789999,
        0.002031828473583414,
        0.002408530620623611,
        0.002497919738033566,
        0.011192420595154136
      ],
      "n_spiked": 5
    }
  ],
  "fit": {
    "alpha": 0.1607211394230911,
    "ci95": [
      0.06382448182567994,
      0.4289738875122985
    ],
    "r2": 0.6287647509894321,
    "C": 3.4166913886413436e-06
  },
  "params_used": {
    "operator": "burgers",
    "grid": 64,
    "seeds": 5,
    "epochs": 200,
    "n_train": 256,
    "n_test": 64,
    "lr": 0.001,
    "batch": 32,
    "nu": 0.01,
    "grad_clip": null,
    "quick": false
  }
}